vcf_order,isolate,isolate_vcf,label_raxml_ng,location_full,lon,lat,Region,region_noaa,region_IPCC,Country,Location,State_Department,Host,municipality_resolution,Municipality,field,clade,subclade,Genetic_Cluster,source,comments,ClimZ_code,ClimZ,description,RGB
1,CR_Red_1,CR_Red_1_R1,CR_Red_1,"Lamberton, MN",-95.304,44.243,North,Midwest,CNA,US,Midwest US,MN,Soybean,yes,"Lamberton, MN",17,US,US2,US2,Dean Malvick - UMN,,25,Dfa,"Cold, no dry season, hot summer",[0 255 255]
2,CR_Red_2B,CR_Red_2B_R1,CR_Red_2B,"Lamberton, MN",-95.304,44.243,North,Midwest,CNA,US,Midwest US,MN,Soybean,yes,"Lamberton, MN",17,US,US2,US2,Dean Malvick - UMN,,25,Dfa,"Cold, no dry season, hot summer",[0 255 255]
3,CR_Red_3,CR_Red_3_R1,CR_Red_3,"Lamberton, MN",-95.304,44.243,North,Midwest,CNA,US,Midwest US,MN,Soybean,yes,"Lamberton, MN",17,US,US2,US2,Dean Malvick - UMN,,25,Dfa,"Cold, no dry season, hot summer",[0 255 255]
4,Dm13,Dm13_R1,Dm13,"Markesan, WI",-88.99,43.707,North,Midwest,ENA,US,Midwest US,WI,Soybean,yes,"Markesan, WI",Unknown,US,US1,US1A,T. Hughes. Obtained from Kiersten Wise,,25,Dfa,"Cold, no dry season, hot summer",[0 255 255]
5,Et12,Et12_R1,Et12,"E. Troy, WI",-88.405,42.785,North,Midwest,ENA,US,Midwest US,WI,Soybean,yes,"E. Troy, WI",Unknown,US,US1,US1A,T. Hughes. Obtained from Kiersten Wise,,25,Dfa,"Cold, no dry season, hot summer",[0 255 255]
6,Et14,Et14_R1,Et14,"E. Troy, WI",-88.405,42.785,North,Midwest,ENA,US,Midwest US,WI,Soybean,yes,"E. Troy, WI",Unknown,US,US1,US1A,T. Hughes. Obtained from Kiersten Wise,,25,Dfa,"Cold, no dry season, hot summer",[0 255 255]
7,Et17,Et17_R1,Et17,"E. Troy, WI",-88.405,42.785,North,Midwest,ENA,US,Midwest US,WI,Soybean,yes,"E. Troy, WI",Unknown,US,US2,US2,T. Hughes. Obtained from Kiersten Wise,,25,Dfa,"Cold, no dry season, hot summer",[0 255 255]
8,Et18,Et18_R1,Et18,"E. Troy, WI",-88.405,42.785,North,Midwest,ENA,US,Midwest US,WI,Soybean,yes,"E. Troy, WI",Unknown,US,US1,US1A,T. Hughes. Obtained from Kiersten Wise,,25,Dfa,"Cold, no dry season, hot summer",[0 255 255]
9,Et8,Et8_R1,Et8,"E. Troy, WI",-88.405,42.785,North,Midwest,ENA,US,Midwest US,WI,Soybean,yes,"E. Troy, WI",Unknown,US,US1,US1A,T. Hughes. Obtained from Kiersten Wise,,25,Dfa,"Cold, no dry season, hot summer",[0 255 255]
10,IN12_4,IN12_4_R1,IN12_4,"Benton, IN",-85.761,41.509,North,Central,ENA,US,Central US,IN,Soybean,yes,"Benton, IN",Unknown,US,US1,US1A,Purdue Plant Diag. Lab. Obtained from Kiersten Wise,,25,Dfa,"Cold, no dry season, hot summer",[0 255 255]
11,IN12_8_3,IN12_8_3_R1,IN12_8_3,"Lagrange, IN",-85.417,41.642,North,Central,ENA,US,Central US,IN,Soybean,yes,"Lagrange, IN",Unknown,US,US1,US1A,Purdue Plant Diag. Lab. Obtained from Kiersten Wise,,25,Dfa,"Cold, no dry season, hot summer",[0 255 255]
12,IN12_9_4,IN12_9_4_R1,IN12_9_4,"Vermillion, IN",-87.48,39.851,North,Central,ENA,US,Central US,IN,Soybean,yes,"Vermillion, IN",Unknown,US,US1,NA,Purdue Plant Diag. Lab. Obtained from Kiersten Wise,,25,Dfa,"Cold, no dry season, hot summer",[0 255 255]
13,IN12_9_6,IN12_9_6_R1,IN12_9_6,"Vermillion, IN",-87.48,39.851,North,Central,ENA,US,Central US,IN,Soybean,yes,"Vermillion, IN",Unknown,US,US1,US1A,Purdue Plant Diag. Lab. Obtained from Kiersten Wise,,25,Dfa,"Cold, no dry season, hot summer",[0 255 255]
14,IN12_PO_3,IN12_PO_3_R1,IN12_PO_3,"Posey, IN",-87.894,38.002,North,Central,ENA,US,Central US,IN,Soybean,yes,"Posey, IN",Unknown,US,US1,US1A,Purdue Plant Diag. Lab. Obtained from Kiersten Wise,,25,Dfa,"Cold, no dry season, hot summer",[0 255 255]
15,M11_12,M11_12_R1,M11_12,"Santa Barbara, California",-120.434,34.951,West,West,WNA,US,West US,CA,Strawberry,yes,"Santa Barbara, CA",Unknown,COLPR,COLPR2,COLPR2,Frank Martin,,9,Csb,"Temperate, dry summer, warm summer",[200 200 0]
16,M13_26,M13_26_R1,M13_26,"Monterey, California",-121.612,36.674,West,West,WNA,US,West US,CA,Strawberry,yes,"Monterey, CA",Unknown,COLPR,COLPR2,COLPR2,Frank Martin ,Strawberry_organic,9,Csb,"Temperate, dry summer, warm summer",[200 200 0]
18,M16_1,M16_1_R1,M16_1,"1845 Chip Rd, Kawkawlin, MI 48631",-83.963,43.647,North,Midwest,ENA,US,Midwest US,MI,Dry bean,yes,"Kawkawlin, MI",1,US,US1,US1A,M. Chilvers,,25,Dfa,"Cold, no dry season, hot summer",[0 255 255]
19,MISO171_1,MISO171_1_R1,MISO171_1,"Somers Rd and Reeder Rd, Lyons, MI",-84.973,42.946,North,Midwest,ENA,US,Midwest US,MI,Soybean,yes,"Lyons, MI",2,US,US1,US1A,M. Chilvers,,25,Dfa,"Cold, no dry season, hot summer",[0 255 255]
20,MISO171_2,MISO171_2_R1,MISO171_2,"Somers Rd and Reeder Rd, Lyons, MI",-84.973,42.946,North,Midwest,ENA,US,Midwest US,MI,Soybean,yes,"Lyons, MI",2,US,US1,US1A,M. Chilvers,,25,Dfa,"Cold, no dry season, hot summer",[0 255 255]
21,MISO171_3,MISO171_3_R1,MISO171_3,"Somers Rd and Reeder Rd, Lyons, MI",-84.973,42.946,North,Midwest,ENA,US,Midwest US,MI,Soybean,yes,"Lyons, MI",2,US,US1,US1A,M. Chilvers,,25,Dfa,"Cold, no dry season, hot summer",[0 255 255]
22,MISO171_4,MISO171_4_R1,MISO171_4,"Somers Rd and Reeder Rd, Lyons, MI",-84.973,42.946,North,Midwest,ENA,US,Midwest US,MI,Soybean,yes,"Lyons, MI",2,US,US1,US1A,M. Chilvers,,25,Dfa,"Cold, no dry season, hot summer",[0 255 255]
23,MISO171_5,MISO171_5_R1,MISO171_5,"Somers Rd and Reeder Rd, Lyons, MI",-84.973,42.946,North,Midwest,ENA,US,Midwest US,MI,Soybean,yes,"Lyons, MI",2,US,US1,US1A,M. Chilvers,,25,Dfa,"Cold, no dry season, hot summer",[0 255 255]
24,MISO171_7,MISO171_7_R1,MISO171_7,"Somers Rd and Reeder Rd, Lyons, MI",-84.973,42.946,North,Midwest,ENA,US,Midwest US,MI,Soybean,yes,"Lyons, MI",2,US,US1,US1A,M. Chilvers,,25,Dfa,"Cold, no dry season, hot summer",[0 255 255]
25,MISO171_8,MISO171_8_R1,MISO171_8,"Somers Rd and Reeder Rd, Lyons, MI",-84.973,42.946,North,Midwest,ENA,US,Midwest US,MI,Soybean,yes,"Lyons, MI",2,US,US1,US1A,M. Chilvers,,25,Dfa,"Cold, no dry season, hot summer",[0 255 255]
26,MI_SF_10_16,MI_SF_10_16_R1,MI_SF_10_1,"Hopp Rd Westphalia, MI",-84.72,42.881,North,Midwest,ENA,US,Midwest US,MI,Soybean,yes,"Westphalia, MI",3,US,US1,US1A,M. Chilvers,,25,Dfa,"Cold, no dry season, hot summer",[0 255 255]
27,MI_SF_1_36,MI_SF_1_36_R1,MI_SF_1_36,"Elm Valley Rd, Pardel Rd near Galien, MI",-86.562,41.828,North,Midwest,ENA,US,Midwest US,MI,Soybean,yes,"Galien, MI",4,US,US1,US1A,M. Chilvers,,25,Dfa,"Cold, no dry season, hot summer",[0 255 255]
28,MI_SF_2_16,MI_SF_2_16_R1,MI_SF_2_16,"Allegan County, MI",-85.836,42.624,North,Midwest,ENA,US,Midwest US,MI,Soybean,yes,"Allegan County, MI",Unknown,US,US1,US1A,M. Chilvers,,26,Dfb,"Cold, no dry season, warm summer",[55 200 255]
29,MI_SF_9_8,MI_SF_9_8_R1,MI_SF_9_8,"Hopp Rd Westphalia, MI",-84.72,42.881,North,Midwest,ENA,US,Midwest US,MI,Soybean,yes,"Westphalia, MI",3,US,US1,US1A,M. Chilvers,,25,Dfa,"Cold, no dry season, hot summer",[0 255 255]
30,MP144,MP144_R1,MP144,Kentucky,-84.27,37.839,South,Central,ENA,US,Central US,KY,Soybean,no,Unknown,Unknown,US,US2,US2,R. Baird. Obtained from Kiersten Wise,,25,Dfa,"Cold, no dry season, hot summer",[0 255 255]
31,MP220,MP220_R1,MP220,Tennessee,-86.58,35.517,South,Central,ENA,US,Central US,TN,Soybean,no,Unknown,Unknown,US,US1,US1A,R. Baird. Obtained from Kiersten Wise,,14,Cfa,"Temperate, no dry season, hot summer",[200 255 80]
32,MP223,MP223_R1,MP223,Texas,-99.902,31.969,South,South ,CNA,US,South US,TX,Soybean,no,Unknown,Unknown,US,US2,US2,R. Baird. Obtained from Kiersten Wise,,6,BSh,"Arid, steppe, hot",[245 165 0]
33,MP249,MP249_R1,MP249,Georgia,-82.9,32.166,South,Southeast,ENA,US,South US,GA,Soybean,no,Unknown,Unknown,US,US2,US2,R. Baird. Obtained from Kiersten Wise,,14,Cfa,"Temperate, no dry season, hot summer",[200 255 80]
34,MP250,MP250_R1,MP250,Georgia,-82.9,32.166,South,Southeast,ENA,US,South US,GA,Soybean,no,Unknown,Unknown,US,US2,US2,R. Baird. Obtained from Kiersten Wise,,14,Cfa,"Temperate, no dry season, hot summer",[200 255 80]
35,MP258,MP258_R1,MP258,South Carolina,-81.164,33.836,South,Southeast,ENA,US,South US,SC,Soybean,no,Unknown,Unknown,US,US1,US1B,R. Baird. Obtained from Kiersten Wise,,14,Cfa,"Temperate, no dry season, hot summer",[200 255 80]
36,M_15_10,M_15_10_R1,M_15_10,"700 E. Kent Rd, Merrill, MI",-84.339,43.511,North,Midwest,ENA,US,Midwest US,MI,Dry bean,yes,"Merrill, MI",6,US,US1,US1A,M. Chilvers,,25,Dfa,"Cold, no dry season, hot summer",[0 255 255]
37,M_15_11,M_15_11_R1,M_15_11,"700 E. Kent Rd, Merrill, MI",-84.339,43.511,North,Midwest,ENA,US,Midwest US,MI,Dry bean,yes,"Merrill, MI",6,US,US1,US1A,M. Chilvers,,25,Dfa,"Cold, no dry season, hot summer",[0 255 255]
38,M_15_12,M_15_12_R1,M_15_12,"2135 W Wadsworth Rd, Bad Axe, MI 48413 ",-83.061,43.75,North,Midwest,ENA,US,Midwest US,MI,Dry bean,yes,"Bad Axe, MI",7,US,US1,US1A,M. Chilvers,,26,Dfb,"Cold, no dry season, warm summer",[55 200 255]
39,M_15_13,M_15_13_R1,M_15_13,"2135 W Wadsworth Rd, Bad Axe, MI 48413 ",-83.059,43.75,North,Midwest,ENA,US,Midwest US,MI,Dry bean,yes,"Bad Axe, MI",7,US,US1,US1A,M. Chilvers,,26,Dfb,"Cold, no dry season, warm summer",[55 200 255]
40,M_15_14,M_15_14_R1,M_15_14,"2135 W Wadsworth Rd, Bad Axe, MI 48413 ",-83.061,43.75,North,Midwest,ENA,US,Midwest US,MI,Dry bean,yes,"Bad Axe, MI",7,US,US1,US1A,M. Chilvers,,26,Dfb,"Cold, no dry season, warm summer",[55 200 255]
41,M_15_1,M_15_1_R1,M_15_1,"9555 E. Adams Rd, Wheeler, MI",-84.419,43.451,North,Midwest,ENA,US,Midwest US,MI,Dry bean,yes,"Wheeler, MI",8,US,US1,US1A,M. Chilvers,,25,Dfa,"Cold, no dry season, hot summer",[0 255 255]
42,M_15_2,M_15_2_R1,M_15_2,"692 Freeland Rd, Merrill, MI ",-84.343,43.525,North,Midwest,ENA,US,Midwest US,MI,Dry bean,yes,"Merrill, MI ",9,US,US1,US1A,M. Chilvers,,25,Dfa,"Cold, no dry season, hot summer",[0 255 255]
43,M_15_3,M_15_3_R1,M_15_3,"692 Freeland Rd, Merrill, MI ",-84.343,43.525,North,Midwest,ENA,US,Midwest US,MI,Dry bean,yes,"Merrill, MI ",9,US,US1,US1A,M. Chilvers,,25,Dfa,"Cold, no dry season, hot summer",[0 255 255]
44,M_15_4,M_15_4_R1,M_15_4,"692 Freeland Rd, Merrill, MI ",-84.343,43.525,North,Midwest,ENA,US,Midwest US,MI,Dry bean,yes,"Merrill, MI ",9,US,US2,US2,M. Chilvers,,25,Dfa,"Cold, no dry season, hot summer",[0 255 255]
45,M_15_5,M_15_5_R1,M_15_5,"692 Freeland Rd, Merrill, MI ",-84.343,43.525,North,Midwest,ENA,US,Midwest US,MI,Dry bean,yes,"Merrill, MI ",9,US,US1,US1A,M. Chilvers,,25,Dfa,"Cold, no dry season, hot summer",[0 255 255]
46,M_15_6,M_15_6_R1,M_15_6,"692 Freeland Rd, Merrill, MI ",-84.342,43.525,North,Midwest,ENA,US,Midwest US,MI,Dry bean,yes,"Merrill, MI ",9,US,US1,US1A,M. Chilvers,,25,Dfa,"Cold, no dry season, hot summer",[0 255 255]
47,M_15_7,M_15_7_R1,M_15_7,"692 Freeland Rd, Merrill, MI ",-84.342,43.525,North,Midwest,ENA,US,Midwest US,MI,Dry bean,yes,"Merrill, MI ",9,US,US1,US1A,M. Chilvers,,25,Dfa,"Cold, no dry season, hot summer",[0 255 255]
48,M_15_8,M_15_8_R1,M_15_8,"692 Freeland Rd, Merrill, MI ",-84.342,43.525,North,Midwest,ENA,US,Midwest US,MI,Dry bean,yes,"Merrill, MI ",9,US,US1,US1A,M. Chilvers,,25,Dfa,"Cold, no dry season, hot summer",[0 255 255]
49,M_15_9,M_15_9_R1,M_15_9,"700 E. Kent Rd, Merrill, MI",-84.339,43.511,North,Midwest,ENA,US,Midwest US,MI,Dry bean,yes,"Merrill, MI ",6,US,US1,US1A,M. Chilvers,,25,Dfa,"Cold, no dry season, hot summer",[0 255 255]
50,Md10,Md10_R1,Md10,"Muscoda, WI",-90.443,43.185,North,Midwest,CNA,US,Midwest US,WI,Soybean,yes,"Muscoda, WI",Unknown,US,US1,US1A,T. Hughes. Obtained from Kiersten Wise,,25,Dfa,"Cold, no dry season, hot summer",[0 255 255]
51,Md3,Md3_R1,Md3,"Muscoda, WI",-90.443,43.185,North,Midwest,CNA,US,Midwest US,WI,Soybean,yes,"Muscoda, WI",Unknown,US,US1,US1A,T. Hughes. Obtained from Kiersten Wise,,25,Dfa,"Cold, no dry season, hot summer",[0 255 255]
52,Md5,Md5_R1,Md5,"Muscoda, WI",-90.443,43.185,North,Midwest,CNA,US,Midwest US,WI,Soybean,yes,"Muscoda, WI",Unknown,US,US1,US1A,T. Hughes. Obtained from Kiersten Wise,,25,Dfa,"Cold, no dry season, hot summer",[0 255 255]
53,Md6,Md6_R1,Md6,"Muscoda, WI",-90.443,43.185,North,Midwest,CNA,US,Midwest US,WI,Soybean,yes,"Muscoda, WI",Unknown,US,US1,US1A,T. Hughes. Obtained from Kiersten Wise,,25,Dfa,"Cold, no dry season, hot summer",[0 255 255]
54,Md7,Md7_R1,Md7,"Muscoda, WI",-90.443,43.185,North,Midwest,CNA,US,Midwest US,WI,Soybean,yes,"Muscoda, WI",Unknown,US,US1,US1A,T. Hughes. Obtained from Kiersten Wise,,25,Dfa,"Cold, no dry season, hot summer",[0 255 255]
55,MpSDSU,MpSDSU_R1,MpSDSU,"Brookings County, SD",-96.801,44.438,North,West North Central,CNA,US,West North Central  US,SD,Brassica carinata,yes,"Brookings County, SD",Unknown,US,US2,US2,Febina Mathew - SD state U,,21,Dwa,"Cold, dry winter, hot summer",[170 175 255]
56,Mph_21,Mph_21_R1,Mph_21,"Sena - Centro Agropecuario Buga, Buga - Valle del Cauca, Colombia",-76.312,3.892,Colombia,Colombia,NWS,COL,Colombia,VAC,Dry bean,yes,"Buga, VAC",10,COLPR,COLPR2,COLPR2,Gloria Mosquera - CIAT,,3,Aw,"Tropical, savannah",[70 170 250]
57,Mph_22,Mph_22_R1,Mph_22,"Sena - Centro Agropecuario Buga, Buga - Valle del Cauca, Colombia",-76.312,3.892,Colombia,Colombia,NWS,COL,Colombia,VAC,Dry bean,yes,"Buga, VAC",10,US,US1,US1B,Gloria Mosquera - CIAT,,3,Aw,"Tropical, savannah",[70 170 250]
58,Mph_23,Mph_23_R1,Mph_23,"Sena - Centro Agropecuario Buga, Buga - Valle del Cauca, Colombia",-76.312,3.892,Colombia,Colombia,NWS,COL,Colombia,VAC,Dry bean,yes,"Buga, VAC",10,US,US1,US1B,Gloria Mosquera - CIAT,,3,Aw,"Tropical, savannah",[70 170 250]
59,Mph_24,Mph_24_R1,Mph_24,"Santander de Quilichao, Cauca, Colombia",-76.485,3.012,Colombia,Colombia,NWS,COL,Colombia,CAU,Dry bean,yes,"Santander de Quilichao, CAU",5,COLPR,COLPR1,COLPR1,Gloria Mosquera - CIAT,,1,Af,"Tropical, rainforest",[0 0 255]
60,Mph_27,Mph_27_R1,Mph_27,"CIAT, Palmira, Colombia",-76.355,3.503,Colombia,Colombia,NWS,COL,Colombia,VAC,Dry bean,yes,"Palmira, VAC",12,COLPR,COLPR1,COLPR1,Gloria Mosquera - CIAT,,3,Aw,"Tropical, savannah",[70 170 250]
61,Mph_28,Mph_28_R1,Mph_28,"CIAT, Palmira, Colombia",-76.355,3.503,Colombia,Colombia,NWS,COL,Colombia,VAC,Dry bean,yes,"Palmira, VAC",12,COLPR,COLPR2,COLPR2,Gloria Mosquera - CIAT,,3,Aw,"Tropical, savannah",[70 170 250]
62,Mph_35,Mph_35_R1,Mph_35,"CIAT, Palmira, Colombia",-76.355,3.503,Colombia,Colombia,NWS,COL,Colombia,VAC,Dry bean,yes,"Palmira, VAC",12,COLPR,COLPR2,COLPR2,Gloria Mosquera - CIAT,,3,Aw,"Tropical, savannah",[70 170 250]
63,Mph_38,Mph_38_R1,Mph_38,"CIAT, Palmira, Colombia",-76.355,3.503,Colombia,Colombia,NWS,COL,Colombia,VAC,Dry bean,yes,"Palmira, VAC",12,COLPR,COLPR1,COLPR1,Gloria Mosquera - CIAT,,3,Aw,"Tropical, savannah",[70 170 250]
64,Mph_39,Mph_39_R1,Mph_39,"CIAT, Palmira, Colombia",-76.355,3.503,Colombia,Colombia,NWS,COL,Colombia,VAC,Dry bean,yes,"Palmira, VAC",12,COLPR,COLPR1,COLPR1,Gloria Mosquera - CIAT,,3,Aw,"Tropical, savannah",[70 170 250]
65,Mph_40,Mph_40_R1,Mph_40,"CIAT, Palmira, Colombia",-76.355,3.503,Colombia,Colombia,NWS,COL,Colombia,VAC,Dry bean,yes,"Palmira, VAC",12,US,US1,NA,Gloria Mosquera - CIAT,,3,Aw,"Tropical, savannah",[70 170 250]
66,Mph_45,Mph_45_R1,Mph_45,"Santander de Quilichao, Cauca, Colombia",-76.485,3.012,Colombia,Colombia,NWS,COL,Colombia,CAU,Dry bean,yes,"Santander de Quilichao, CAU",5,COLPR,COLPR1,COLPR1,Gloria Mosquera - CIAT,,1,Af,"Tropical, rainforest",[0 0 255]
67,Mph_46,Mph_46_R1,Mph_46,"Santander de Quilichao, Cauca, Colombia",-76.485,3.012,Colombia,Colombia,NWS,COL,Colombia,CAU,Dry bean,yes,"Santander de Quilichao, CAU",5,COLPR,COLPR1,COLPR1,Gloria Mosquera - CIAT,,1,Af,"Tropical, rainforest",[0 0 255]
68,Mph_48,Mph_48_R1,Mph_48,"Santander de Quilichao, Cauca, Colombia",-76.485,3.012,Colombia,Colombia,NWS,COL,Colombia,CAU,Dry bean,yes,"Santander de Quilichao, CAU",5,COLPR,COLPR1,COLPR1,Gloria Mosquera - CIAT,,1,Af,"Tropical, rainforest",[0 0 255]
69,Mph_49,Mph_49_R1,Mph_49,"Santander de Quilichao, Cauca, Colombia",-76.485,3.012,Colombia,Colombia,NWS,COL,Colombia,CAU,Dry bean,yes,"Santander de Quilichao, CAU",5,US,US1,US1A,Gloria Mosquera - CIAT,,1,Af,"Tropical, rainforest",[0 0 255]
70,Mph_50,Mph_50_R1,Mph_50,"Armero, Tolima, Colombia",-74.905,4.965,Colombia,Colombia,NWS,COL,Colombia,TOL,Dry bean,yes,"Armero, TOL",16,COLPR,COLPR1,COLPR1,Gloria Mosquera - CIAT,,1,Af,"Tropical, rainforest",[0 0 255]
71,Mph_52,Mph_52_R1,Mph_52,"Corpoica, Magdalena, Colombia",-74.224,10.727,Colombia,Colombia,NWS,COL,Colombia,MAG,Dry bean,yes,"Corpoica, MAG",13,COLPR,COLPR1,COLPR1,Gloria Mosquera - CIAT,,3,Aw,"Tropical, savannah",[70 170 250]
72,Mph_53,Mph_53_R1,Mph_53,"Corpoica, Magdalena, Colombia",-74.224,10.727,Colombia,Colombia,NWS,COL,Colombia,MAG,Dry bean,yes,"Corpoica, MAG",13,COLPR,COLPR1,COLPR1,Gloria Mosquera - CIAT,,3,Aw,"Tropical, savannah",[70 170 250]
73,Mph_54,Mph_54_R1,Mph_54,"Corpoica, Magdalena, Colombia",-74.224,10.727,Colombia,Colombia,NWS,COL,Colombia,MAG,Dry bean,yes,"Corpoica, MAG",13,COLPR,COLPR2,COLPR2,Gloria Mosquera - CIAT,,3,Aw,"Tropical, savannah",[70 170 250]
74,Mph_56,Mph_56_R1,Mph_56,"Corpoica, Magdalena, Colombia",-74.224,10.727,Colombia,Colombia,NWS,COL,Colombia,MAG,Dry bean,yes,"Corpoica, MAG",13,COLPR,COLPR2,COLPR2,Gloria Mosquera - CIAT,,3,Aw,"Tropical, savannah",[70 170 250]
75,Mph_5,Mph_5_R1,Mph_5,"Santander de Quilichao, Cauca, Colombia",-76.485,3.012,Colombia,Colombia,NWS,COL,Colombia,CAU,Dry bean,yes,"Santander de Quilichao, CAU",5,COLPR,COLPR1,COLPR1,Gloria Mosquera - CIAT,,1,Af,"Tropical, rainforest",[0 0 255]
76,SAG5_4,SAG5_4_R1,SAG5_4,"Saginaw County, MI",-84.313,43.348,North,Midwest,ENA,US,Midwest US,MI,Soybean,yes,"Saginaw County, MI",Unknown,US,US1,US1A,M. Chilvers,,25,Dfa,"Cold, no dry season, hot summer",[0 255 255]
77,TN262,TN262_R1,TN262,Tennessee,-86.58,35.517,South,Central,ENA,US,Central US,TN,Soybean,no,Unknown,Unknown,US,US1,US1A,A. Mengistu. Obtained from Kiersten Wise,,14,Cfa,"Temperate, no dry season, hot summer",[200 255 80]
78,TN270,TN270_R1,TN270,Mississippi,-90.932,33.424,South,South,CNA,US,South US,MS,Soybean,no,Unknown,Unknown,US,US1,US1B,A. Mengistu. Obtained from Kiersten Wise,,14,Cfa,"Temperate, no dry season, hot summer",[200 255 80]
79,TN279,TN279_R1,TN279,"Jackson, Tennessee",-88.846,35.622,South,Central,ENA,US,Central US,TN,Soybean,yes,"Jackson, TN",Unknown,US,US1,US1A,A. Mengistu. Obtained from Kiersten Wise,2008,14,Cfa,"Temperate, no dry season, hot summer",[200 255 80]
80,TN280,TN280_R1,TN280,Kentucky,-84.27,37.839,South,Central,ENA,US,Central US,KY,Soybean,no,Unknown,Unknown,US,US1,US1A,A. Mengistu. Obtained from Kiersten Wise,,25,Dfa,"Cold, no dry season, hot summer",[0 255 255]
81,TN380,TN380_R1,TN380,"Stoneville, Mississippi",-90.932,33.424,South,South,CNA,US,South US,MS,Soybean,yes,"Stoneville, Mississippi",Unknown,US,US1,US1B,A. Mengistu. Obtained from Kiersten Wise,2009,14,Cfa,"Temperate, no dry season, hot summer",[200 255 80]
82,TN4,TN4_R1,TN4,"Jackson, Tennessee",-88.846,35.622,South,Central,ENA,US,Central US,TN,Soybean,yes,"Jackson, Tennessee",Unknown,US,US1,US1A,A. Mengistu. Obtained from Kiersten Wise,2006,14,Cfa,"Temperate, no dry season, hot summer",[200 255 80]
83,TN501,TN501_R1,TN501,Louisiana,-91.962,30.984,South,South,CNA,US,South US,LA,Soybean,no,Unknown,Unknown,COLPR,COLPR2,COLPR2,A. Mengistu. Obtained from Kiersten Wise,,14,Cfa,"Temperate, no dry season, hot summer",[200 255 80]
84,TN550,TN550_R1,TN550,Texas,-99.902,31.969,South,South,CNA,US,South US,TX,Soybean,no,Unknown,Unknown,US,US2,US2,A. Mengistu. Obtained from Kiersten Wise,,6,BSh,"Arid, steppe, hot",[245 165 0]
85,TN5,TN5_R1,TN5,"Ames, Tennessee",-89.862,35.418,South,Central,ENA,US,Central US,TN,Soybean,yes,"Ames, TN",Unknown,US,US1,US1A,A. Mengistu. Obtained from Kiersten Wise,"2006. Used AMES AGRESEARCH AND EDUCATION CENTER (Grand Junction, TN) for lat and lon",14,Cfa,"Temperate, no dry season, hot summer",[200 255 80]
86,UPR_Mph_ISA2,UPR_Mph_ISA2_R1,UPR_ISA2,"Isabela, Puerto Rico",-67.056,18.462,Puerto Rico,Puerto Rico,CAR,PR,Puerto Rico,ISA,Dry bean,yes,"Isabela, PR",Unknown,COLPR,COLPR1,COLPR1,Consuelo Estevez De Jensen - UPR,,1,Af,"Tropical, rainforest",[0 0 255]
87,UPR_Mph_ISA3,UPR_Mph_ISA3_R1,UPR_ISA3,"Isabela, Puerto Rico",-67.056,18.462,Puerto Rico,Puerto Rico,CAR,PR,Puerto Rico,ISA,Dry bean,yes,"Isabela, PR",Unknown,COLPR,COLPR2,COLPR2,Consuelo Estevez De Jensen - UPR,,1,Af,"Tropical, rainforest",[0 0 255]
88,UPR_Mph_JD1,UPR_Mph_JD1_R1,UPR_JD1,"Juana Diaz, Puerto Rico",-66.518,18.019,Puerto Rico,Puerto Rico,CAR,PR,Puerto Rico,JD,Dry bean,yes,"Juana Diaz, PR",Unknown,COLPR,COLPR1,COLPR1,Consuelo Estevez De Jensen - UPR,,3,Aw,"Tropical, savannah",[70 170 250]
89,UPR_Mph_JD2,UPR_Mph_JD2_R1,UPR_JD2,"Juana Diaz, Puerto Rico",-66.518,18.019,Puerto Rico,Puerto Rico,CAR,PR,Puerto Rico,JD,Dry bean,yes,"Juana Diaz, PR",Unknown,COLPR,COLPR1,COLPR1,Consuelo Estevez De Jensen - UPR,,3,Aw,"Tropical, savannah",[70 170 250]
90,UPR_Mph_JD3,UPR_Mph_JD3_R1,UPR_JD3,"Juana Diaz, Puerto Rico",-66.518,18.019,Puerto Rico,Puerto Rico,CAR,PR,Puerto Rico,JD,Dry bean,yes,"Juana Diaz, PR",Unknown,COLPR,COLPR1,COLPR1,Consuelo Estevez De Jensen - UPR,,3,Aw,"Tropical, savannah",[70 170 250]
91,W12_6,W12_6_R1,W12_6,"Hamilton, MI",-85.999,42.671,North,Midwest,ENA,US,Midwest US,MI,Soybean,yes,"Hamilton, MI",Unknown,US,US2,US2,M. Chilvers,,25,Dfa,"Cold, no dry season, hot summer",[0 255 255]
92,W23,W23_R1,W23,"Pewamo, MI ",-84.847,43.001,North,Midwest,ENA,US,Midwest US,MI,Soybean,yes,"Pewamo, MI ",Unknown,US,US1,US1A,M. Chilvers,,25,Dfa,"Cold, no dry season, hot summer",[0 255 255]
93,W25,W25_R1,W25,"Hamilton, MI",-85.999,42.671,North,Midwest,ENA,US,Midwest US,MI,Soybean,yes,"Hamilton, MI",Unknown,US,US2,US2,M. Chilvers,,25,Dfa,"Cold, no dry season, hot summer",[0 255 255]
94,W3_5,W3_5_R1,W3_5,"Hamilton, MI",-85.999,42.671,North,Midwest,ENA,US,Midwest US,MI,Soybean,yes,"Hamilton, MI",Unknown,US,US2,US2,M. Chilvers,,25,Dfa,"Cold, no dry season, hot summer",[0 255 255]
95,W_MISO2_3_6,W_MISO2_3_6_R1,WMISO2_3_6,"Corner 54th 136th ave Hamilton, MI",-86.1,42.7,North,Midwest,ENA,US,Midwest US,MI,Soybean,yes,"Hamilton, MI",14,US,US1,US1A,M. Chilvers,,25,Dfa,"Cold, no dry season, hot summer",[0 255 255]
96,W_MISO2_4_10,W_MISO2_4_10_R1,WMISO2_4_10,"Portland Rd Jordan lake rd, MI",-85.1,42.9,North,Midwest,ENA,US,Midwest US,MI,Soybean,yes,"Berlin, MI",15,US,US1,US1A,M. Chilvers,,25,Dfa,"Cold, no dry season, hot summer",[0 255 255]